Word,phon,lemme,cgram,freqlemfilms2,freqfilms2,freqlivres,nbhomoph,islem,nblettres,nbsyll,cv-cv,cgramortho,pld20,Mlex puPhon,Mlex pld20,Mlex fb,Mlex ff,freq_comb,freq_comb_2,Word,nbphons,Pulexique,PUmMlex,maxPU,finalPU
mécénat,mesena,mécénat,NOM,0.04,0.04,0,1,1,7,3,CV-CV-CV,NOM,2.4,4,2.7,0,0.04,-1.397940009,0.556296259,mécénat,6,5,4,5,FALSE
calorie,kaloRi,calorie,NOM,1.43,0.15,0,2,1,7,3,CV-CV-CV,NOM,1.9,6,1.9,0,0.15,-0.823908741,-0.145083128,calorie,6,6,6,6,TRUE
vahiné,vaine,vahiné,NOM,0.13,0.09,0.27,2,1,6,3,CV-V-CV,NOM,1.9,3,1.9,0.27,0.09,-0.443697499,-0.246830028,vahiné,5,3,3,3,FALSE
cotillon,kotij§,cotillon,NOM,0.32,0.19,0.2,2,1,8,3,CV-CV-YV,NOM,1.95,5,2.85,0.20000001,0.19,-0.408935382,-0.241707235,cotillon,6,5,5,5,FALSE
balluchon,balyS§,balluchon,NOM,0.18,0.16,0.34,4,1,9,3,CV-CV-CV,NOM,1.95,6,3,0.34000001,0.16,-0.301029987,-0.210410934,balluchon,6,6,6,6,TRUE
godillot,godijo,godillot,NOM,0.35,0.04,0.47,2,1,8,3,CV-CV-YV,NOM,2.1,6,2.35,0.46999998,0.04,-0.292429841,-0.206914629,godillot,6,6,6,6,TRUE
égérie,eZeRi,égérie,NOM,0.46,0.46,0.27,1,1,6,3,V-CV-CV,NOM,2,4,2,0.27,0.46,-0.13667714,-0.117996499,égérie,5,4,4,4,FALSE
otarie,otaRi,otarie,NOM,1.05,0.13,0.68,2,1,6,3,V-CV-CV,NOM,1.85,5,1.85,0.67999999,0.13,-0.091514986,-0.083139994,otarie,5,5,5,5,TRUE
abatis,abati,abatis,NOM,0,0,0.88,4,1,6,3,V-CV-CV,NOM,1.25,5,1.65,0.88,0,-0.055517328,-0.052435154,abatis,5,5,5,5,TRUE
marabout,maRabu,marabout,NOM,0.07,0.05,0.88,2,1,8,3,CV-CV-CV,NOM,2,5,2,0.88,0.05,-0.031517051,-0.030523727,marabout,6,5,5,5,FALSE
mikado,mikado,mikado,NOM,0.28,0.28,0.88,1,1,6,3,CV-CV-CV,NOM,2.35,5,2.45,0.88,0.28,0.064457989,0.068612822,mikado,6,5,5,5,FALSE
odyssée,odise,odyssée,NOM,0.24,0.23,0.95,2,1,7,3,V-CV-CV,NOM,1.9,5,1.95,0.94999999,0.23,0.071882004,0.077049026,odyssée,5,5,5,5,TRUE
panama,panama,panama,NOM,0.15,0.15,1.22,2,1,6,3,CV-CV-CV,NOM,2,6,2.3,1.21999998,0.15,0.136720561,0.155413073,panama,6,6,6,6,TRUE
séquoia,sekoja,séquoia,NOM,0.41,0.3,1.22,2,1,7,3,CV-CV-YV,NOM,2.6,5,2.85,1.21999998,0.3,0.181843582,0.214910671,séquoia,6,5,5,5,FALSE
confetti,k§feti,confetti,NOM,1.08,0.04,1.49,2,1,8,3,CV-CV-CV,NOM,2.25,4,3.5,1.49000002,0.04,0.184691436,0.218802363,confetti,6,5,4,5,FALSE
canasson,kanas§,canasson,NOM,0.98,0.58,1.01,2,1,8,3,CV-CV-CV,NOM,2,6,2.7,1.01000001,0.58,0.201397127,0.24195793,canasson,6,6,6,6,TRUE
latino,latino,latino,NOM,2.89,1.61,0,2,1,6,3,CV-CV-CV,NOM,1.85,6,1.95,0,1.61,0.206825876,0.249602819,latino,6,6,6,6,TRUE
boléro,boleRo,boléro,NOM,0.56,0.56,1.08,2,1,6,3,CV-CV-CV,NOM,2.35,5,2.55,1.07999998,0.56,0.214843843,0.26100172,boléro,6,5,5,5,FALSE
embolie,@boli,embolie,NOM,1.05,1.03,0.61,2,1,7,3,V-CV-CV,NOM,1.85,3,1.85,0.61000001,1.03,0.214843851,0.261001731,embolie,5,4,3,4,FALSE
mandarin,m@daR5,mandarin,NOM,0.47,0.43,1.22,2,1,8,3,CV-CV-CV,NOM,1.95,6,2.25,1.21999998,0.43,0.217483939,0.264783203,mandarin,6,6,6,6,TRUE
bâtonnet,batonE,bâtonnet,NOM,0.83,0.38,1.28,2,1,8,3,CV-CV-CV,NOM,1.6,6,1.95,1.28000002,0.38,0.220108093,0.268555666,bâtonnet,6,6,6,6,TRUE
ciboulot,sibulo,ciboulot,NOM,0.25,0.25,1.49,2,1,8,3,CV-CV-CV,NOM,1.95,6,2.15,1.49000002,0.25,0.240549253,0.298413197,ciboulot,6,6,6,6,TRUE
toboggan,tobog@,toboggan,NOM,0.86,0.59,1.22,2,1,8,3,CV-CV-CV,NOM,3,2,3,1.21999998,0.59,0.25767857,0.324076816,toboggan,6,4,2,4,FALSE
tombola,t§bola,tombola,NOM,1.23,1.21,0.61,2,1,7,3,CV-CV-CV,NOM,2.5,3,3.5,0.61000001,1.21,0.26007139,0.327708518,tombola,6,5,3,5,FALSE
gabarit,gabaRi,gabarit,NOM,0.33,0.3,1.62,2,1,7,3,CV-CV-CV,NOM,1.95,6,1.95,1.61999999,0.3,0.283301226,0.363560811,gabarit,6,6,6,6,TRUE
vendetta,v@dEta,vendetta,NOM,1.25,1.2,0.74,2,1,8,3,CV-CV-CV,NOM,2.4,4,2.9,0.74000001,1.2,0.287801732,0.370631569,vendetta,6,4,4,4,FALSE
pissenlit,pis@li,pissenlit,NOM,1.32,0.68,1.28,2,1,9,3,CV-CV-CV,NOM,2.9,5,3,1.28000002,0.68,0.292256076,0.37766969,pissenlit,6,4,5,5,FALSE
coloris,koloRi,coloris,NOM,0.39,0.39,1.62,3,1,7,3,CV-CV-CV,NOM,1.7,6,1.8,1.61999999,0.39,0.303196055,0.395123903,coloris,6,6,6,6,TRUE
galopin,galop5,galopin,NOM,0.88,0.32,1.69,2,1,7,3,CV-CV-CV,NOM,1.75,6,2.25,1.69,0.32,0.303196057,0.395123907,galopin,6,6,6,6,TRUE
chicorée,SikoRe,chicorée,NOM,0.59,0.59,1.42,4,1,8,3,CV-CV-CV,NOM,1.85,6,1.95,1.42000002,0.59,0.303196062,0.395123914,chicorée,6,5,6,6,TRUE
bazooka,bazuka,bazooka,NOM,1.57,1.21,0.81,2,1,7,3,CV-CV-CV,NOM,2.45,3,2.65,0.80999998,1.21,0.305351365,0.398590821,bazooka,6,4,3,4,FALSE
lycéen,lise5,lycéen,NOM,3.55,0.64,1.42,2,1,6,3,CV-CV-V,NOM,1.9,5,1.9,1.42000002,0.64,0.313867225,0.412379859,lycéen,5,5,5,5,TRUE
cassoulet,kasulE,cassoulet,NOM,0.52,0.52,1.62,1,1,9,3,CV-CV-CV,NOM,2,4,2.6,1.61999999,0.52,0.330413771,0.439587032,cassoulet,6,4,4,4,FALSE
décennie,deseni,décennie,NOM,2.67,1.27,0.95,2,1,8,3,CV-CV-CV,NOM,2,4,2.2,0.94999999,1.27,0.346352972,0.466313354,décennie,6,6,4,6,TRUE
leucémie,l2semi,leucémie,NOM,1.9,1.72,0.54,2,1,8,3,CV-CV-CV,NOM,2.85,6,2.85,0.54,1.72,0.354108439,0.479501226,leucémie,6,6,6,6,TRUE
moulinet,mulinE,moulinet,NOM,0.5,0.44,1.82,3,1,8,3,CV-CV-CV,NOM,1.85,6,2.4,1.82000001,0.44,0.354108441,0.479501229,moulinet,6,6,6,6,TRUE
équité,ekite,équité,NOM,0.79,0.79,1.49,1,1,6,3,V-CV-CV,NOM,1.5,5,1.55,1.49000002,0.79,0.357934851,0.486052208,équité,5,5,5,5,TRUE
salami,salami,salami,NOM,2.06,2.04,0.34,2,1,6,3,CV-CV-CV,NOM,1.9,6,1.9,0.34000001,2.04,0.376576959,0.518387165,salami,6,6,6,6,TRUE
apathie,apati,apathie,NOM,0.91,0.91,1.49,1,1,7,3,V-CV-CV,NOM,1.25,5,1.6,1.49000002,0.91,0.380211245,0.524771836,apathie,5,5,5,5,TRUE
hérisson,eRis§,hérisson,NOM,0.75,0.69,1.76,3,1,8,3,V-CV-CV,NOM,1.5,5,2.7,1.75999999,0.69,0.389166083,0.540616322,hérisson,5,5,5,5,TRUE
safari,safaRi,safari,NOM,1.77,1.58,0.88,2,1,6,3,CV-CV-CV,NOM,2,6,2.15,0.88,1.58,0.390935107,0.543765365,safari,6,6,6,6,TRUE
romarin,RomaR5,romarin,NOM,1.47,1.47,1.01,1,1,7,3,CV-CV-CV,NOM,2.1,5,2.35,1.01000001,1.47,0.394451683,0.550043812,romarin,6,5,5,5,FALSE
écusson,ekys§,écusson,NOM,0.37,0.32,2.23,2,1,7,3,V-CV-CV,NOM,2,5,2.9,2.22999998,0.32,0.406540177,0.571815093,écusson,5,4,5,5,TRUE
kangourou,k@guRu,kangourou,NOM,1.85,1.42,1.15,2,1,9,3,CV-CV-CV,NOM,2.85,4,2.85,1.15,1.42,0.409933123,0.577978289,kangourou,6,4,4,4,FALSE
haricot,aRiko,haricot,NOM,8.85,1.4,1.22,2,1,7,3,V-CV-CV,NOM,1.8,4,1.85,1.21999998,1.4,0.418301288,0.593277256,haricot,5,4,4,4,FALSE
pilotis,piloti,pilotis,NOM,0.33,0.33,2.3,1,1,7,3,CV-CV-CV,NOM,1.75,6,1.9,2.3,0.33,0.419955748,0.596318579,pilotis,6,6,6,6,TRUE
résidu,Rezidy,résidu,NOM,2.72,0.89,1.76,2,1,6,3,CV-CV-CV,NOM,1.75,6,2.15,1.75999999,0.89,0.423245872,0.602382941,résidu,6,6,6,6,TRUE
rodéo,Rodeo,rodéo,NOM,2.01,1.92,0.74,3,1,5,3,CV-CV-V,NOM,1.85,2,1.85,0.74000001,1.92,0.424881638,0.605406045,rodéo,5,5,2,5,TRUE
cacao,kakao,cacao,NOM,1.3,1.29,1.42,2,1,5,3,CV-CV-V,NOM,1.9,5,1.9,1.42000002,1.29,0.432969294,0.620431704,cacao,5,5,5,5,TRUE
cavité,kavite,cavité,NOM,1.89,1.26,1.49,2,1,6,3,CV-CV-CV,NOM,1.9,6,1.9,1.49000002,1.26,0.439332697,0.632345916,cavité,6,6,6,6,TRUE
macchabée,makabe,macchabée,NOM,2.63,1.86,0.95,2,1,9,3,CV-CV-CV,NOM,1.9,6,1.9,0.94999999,1.86,0.448706318,0.650043678,macchabée,6,6,6,6,TRUE
aliment,alim@,aliment,NOM,4.67,1.11,1.76,2,1,7,3,V-CV-CV,NOM,1.4,5,1.8,1.75999999,1.11,0.457881895,0.667537725,aliment,5,5,5,5,TRUE
cabanon,kaban§,cabanon,NOM,1.27,1.26,1.69,2,1,7,3,CV-CV-CV,NOM,1.9,6,2.85,1.69,1.26,0.469822016,0.690554743,cabanon,6,6,6,6,TRUE
libido,libido,libido,NOM,1.79,1.79,1.22,1,1,6,3,CV-CV-CV,NOM,2.35,6,2.6,1.21999998,1.79,0.478566493,0.707592381,libido,6,6,6,6,TRUE
échafaud,eSafo,échafaud,NOM,0.85,0.85,2.23,2,1,8,3,V-CV-CV,NOM,1.9,5,2.2,2.22999998,0.85,0.488550714,0.727232514,échafaud,5,5,5,5,TRUE
célibat,seliba,célibat,NOM,1.75,1.75,1.35,1,1,7,3,CV-CV-CV,NOM,2.4,6,2.75,1.34999999,1.75,0.491361692,0.732798005,célibat,6,6,6,6,TRUE
chimpanzé,S5p@ze,chimpanzé,NOM,2.35,1.96,1.15,2,1,9,3,CV-CV-CV,NOM,2.9,1,2.9,1.15,1.96,0.492760389,0.73557319,chimpanzé,6,3,1,3,FALSE
nullité,nylite,nullité,NOM,1.2,0.96,2.16,2,1,7,3,CV-CV-CV,NOM,2.2,5,2.25,2.15999998,0.96,0.494154591,0.738343351,nullité,6,5,5,5,FALSE
ramassis,Ramasi,ramassis,NOM,1.5,1.5,1.62,1,1,8,3,CV-CV-CV,NOM,1.7,6,1.95,1.61999999,1.5,0.494154593,0.738343354,ramassis,6,6,6,6,TRUE
vétéran,veteR@,vétéran,NOM,3.84,1.86,1.28,2,1,7,3,CV-CV-CV,NOM,1.95,6,2.45,1.28000002,1.86,0.496929651,0.743868729,vétéran,6,6,6,6,TRUE
apogée,apoZe,apogée,NOM,1.4,1.4,1.76,1,1,6,3,V-CV-CV,NOM,1.85,4,1.85,1.75999999,1.4,0.499687081,0.74937426,apogée,5,4,4,4,FALSE
